Timestamp,User Count,Type,Name,Requests/s,Failures/s,50%,66%,75%,80%,90%,95%,98%,99%,99.9%,99.99%,100%,Total Request Count,Total Failure Count,Total Median Response Time,Total Average Response Time,Total Min Response Time,Total Max Response Time,Total Average Content Size
1764261862,0,,Aggregated,0.000000,0.000000,N/A,N/A,N/A,N/A,N/A,N/A,N/A,N/A,N/A,N/A,N/A,0,0,0,0.0,0,0,0
1764261863,2,,Aggregated,0.000000,0.000000,740,740,740,740,740,740,740,740,740,740,740,1,1,743.9348999760114,743.9348999760114,743.9348999760114,743.9348999760114,0.0
1764261864,4,,Aggregated,0.000000,0.000000,740,740,810,810,810,810,810,810,810,810,810,3,3,740.0,754.4906333399316,713.2616000017151,806.2754000420682,0.0
1764261865,8,,Aggregated,0.000000,0.000000,740,810,810,2000,2000,2000,2000,2000,2000,2000,2000,5,3,740.0,999.0977400098927,699.8433000408113,2032.1734999888577,9694.8
1764261866,10,,Aggregated,0.500000,0.500000,700,710,740,810,2000,2000,2000,2000,2000,2000,2000,9,6,700.0,743.6331888893619,261.3886999897659,2032.1734999888577,8079.0
1764261867,10,,Aggregated,1.333333,1.000000,600,700,740,810,2000,2700,2700,2700,2700,2700,2700,15,9,600.0,746.7086866692019,197.42099998984486,2654.312100028619,9694.8
1764261868,10,,Aggregated,1.750000,1.250000,280,600,700,710,810,2000,2700,2700,2700,2700,2700,21,11,280.0,592.4918761898186,170.42399995261803,2654.312100028619,11541.42857142857
1764261869,10,,Aggregated,2.800000,1.800000,280,590,690,700,810,2000,2700,2700,2700,2700,2700,26,13,260.0,535.5431499976056,149.55639996333048,2654.312100028619,12118.5
1764261870,10,,Aggregated,3.000000,1.833333,280,530,690,700,810,2000,2700,2700,2700,2700,2700,28,14,260.0,515.5410357089879,149.55639996333048,2654.312100028619,12118.5
1764261871,10,,Aggregated,3.428571,1.714286,260,530,690,710,810,2000,2700,2700,2700,2700,2700,34,16,260.0,513.7798088202117,129.69370000064373,2654.312100028619,12831.35294117647
1764261872,10,,Aggregated,3.428571,1.714286,260,530,600,700,810,2000,2700,2700,2700,2700,2700,37,16,260.0,501.91064864692805,129.69370000064373,2654.312100028619,13756.135135135135
1764261873,10,,Aggregated,3.333333,1.666667,260,470,600,700,810,2000,2700,2700,2700,2700,2700,40,17,260.0,482.45275749941356,129.69370000064373,2654.312100028619,13936.275
1764261874,10,,Aggregated,3.700000,1.600000,270,380,590,690,790,1400,2700,2700,2700,2700,2700,48,23,260.0,457.81774374700035,129.69370000064373,2654.312100028619,12623.4375
1764261875,10,,Aggregated,3.700000,1.600000,260,380,580,690,790,1400,2700,2700,2700,2700,2700,50,23,260.0,447.6897299964912,129.69370000064373,2654.312100028619,13087.98
1764261876,10,,Aggregated,4.300000,1.900000,260,330,530,600,740,1400,2000,2700,2700,2700,2700,54,25,260.0,429.9159981439718,129.69370000064373,2654.312100028619,13016.166666666666
1764261877,10,,Aggregated,4.600000,2.000000,260,330,470,590,740,1400,2000,2700,2700,2700,2700,58,27,260.0,416.7925948247008,129.69370000064373,2654.312100028619,12954.258620689656
1764261878,10,,Aggregated,4.600000,1.900000,260,330,470,590,740,1400,2100,2700,2700,2700,2700,64,30,260.0,427.9423359348584,129.69370000064373,2654.312100028619,12875.90625
1764261879,10,,Aggregated,4.600000,1.900000,260,310,380,590,740,1400,2100,2700,2700,2700,2700,65,31,260.0,425.71778307453945,129.69370000064373,2654.312100028619,12677.815384615385
1764261880,10,,Aggregated,4.200000,1.700000,260,310,380,580,740,1400,2100,2700,2700,2700,2700,71,35,260.0,426.1323563364321,129.69370000064373,2654.312100028619,12289.18309859155
1764261881,10,,Aggregated,4.100000,1.900000,260,310,380,580,740,1400,2100,2700,2700,2700,2700,74,36,260.0,418.0540445927732,129.69370000064373,2654.312100028619,12446.027027027027
1764261882,10,,Aggregated,4.200000,1.900000,260,290,340,530,740,1400,2100,2700,2700,2700,2700,78,37,260.0,406.06851538252204,129.69370000064373,2654.312100028619,12739.961538461539
1764261883,10,,Aggregated,4.300000,2.100000,260,290,340,530,740,1300,2100,2700,2700,2700,2700,85,41,260.0,400.26148587999427,129.0447000064887,2654.312100028619,12546.211764705882
1764261884,10,,Aggregated,3.800000,2.000000,260,290,340,470,740,1300,2100,2700,2700,2700,2700,87,42,260.0,395.44369654941386,129.0447000064887,2654.312100028619,12536.379310344828
1764261885,10,,Aggregated,4.400000,2.400000,260,300,360,470,740,1300,2100,2700,2700,2700,2700,93,45,260.0,393.4270462349197,129.0447000064887,2654.312100028619,12509.41935483871
1764261886,10,,Aggregated,4.400000,2.400000,260,310,360,530,810,1300,2100,2700,2700,2700,2700,97,47,260.0,402.20967834976204,129.0447000064887,2654.312100028619,12493.298969072164
1764261887,10,,Aggregated,4.000000,2.100000,260,300,360,470,790,990,2000,2100,2700,2700,2700,102,50,260.0,395.275455881846,129.0447000064887,2654.312100028619,12356.117647058823
1764261888,10,,Aggregated,4.400000,2.300000,260,290,340,380,790,990,2000,2100,2700,2700,2700,108,56,260.0,386.9627750003322,129.0447000064887,2654.312100028619,11669.666666666666
1764261889,10,,Aggregated,4.300000,2.100000,260,290,340,380,740,990,2000,2100,2700,2700,2700,112,60,260.0,384.08879553649706,129.0447000064887,2654.312100028619,11252.892857142857
1764261890,10,,Aggregated,4.400000,2.400000,260,290,330,380,740,990,2000,2100,2700,2700,2700,117,64,260.0,378.36450427466144,129.0447000064887,2654.312100028619,10979.153846153846
1764261891,10,,Aggregated,4.500000,2.700000,260,290,330,380,740,990,2000,2100,2700,2700,2700,120,66,260.0,376.3689383340534,129.0447000064887,2654.312100028619,10906.65
1764261892,10,,Aggregated,4.700000,3.000000,260,300,360,420,740,960,2000,2100,2700,2700,2700,125,70,260.0,383.35751760052517,129.0447000064887,2654.312100028619,10664.28
1764261893,10,,Aggregated,4.600000,2.900000,270,310,360,420,740,960,2000,2100,2700,2700,2700,130,73,260.0,381.9807761545795,129.0447000064887,2654.312100028619,10626.992307692308
1764261894,10,,Aggregated,4.700000,3.200000,270,310,360,390,730,960,2000,2100,2700,2700,2700,132,75,260.0,379.9899037888584,129.0447000064887,2654.312100028619,10465.977272727272
1764261895,10,,Aggregated,4.500000,3.300000,270,310,360,390,740,990,2100,2600,2700,2700,2700,137,76,270.0,392.50234963566095,129.0447000064887,2654.312100028619,10791.65693430657
1764261896,10,,Aggregated,4.500000,3.300000,270,310,360,390,740,990,2100,2600,2700,2700,2700,138,77,260.0,391.3935253631148,129.0447000064887,2654.312100028619,10713.45652173913
1764261897,10,,Aggregated,4.400000,3.100000,260,310,360,390,740,990,2100,2600,2700,2700,2700,139,78,260.0,390.161420144526,129.0447000064887,2654.312100028619,10636.381294964029
1764261898,10,,Aggregated,4.100000,3.000000,270,310,370,470,820,1300,2100,2600,2700,2700,2700,147,82,270.0,409.0694306132409,129.0447000064887,2654.312100028619,10717.040816326531
1764261899,10,,Aggregated,4.000000,3.000000,260,310,370,470,820,1300,2100,2700,3000,3000,3000,151,85,260.0,423.1007834449287,129.0447000064887,3024.896599992644,10593.655629139073
1764261900,10,,Aggregated,4.000000,2.700000,260,310,360,420,820,1300,2100,2700,3000,3000,3000,156,87,260.0,416.34079807800634,129.0447000064887,3024.896599992644,10720.211538461539
1764261901,10,,Aggregated,3.800000,2.400000,260,310,360,420,820,1300,2100,2700,3000,3000,3000,158,88,260.0,413.7614265834335,129.0447000064887,3024.896599992644,10737.911392405063
1764261902,10,,Aggregated,3.800000,2.300000,260,300,360,420,810,1300,2100,2700,3000,3000,3000,164,92,260.0,409.3890042692315,129.0447000064887,3024.896599992644,10640.634146341463
1764261903,10,,Aggregated,3.800000,2.300000,260,300,360,390,810,1300,2100,2700,3000,3000,3000,167,94,260.0,406.34194191706973,129.0447000064887,3024.896599992644,10594.616766467067
1764261904,10,,Aggregated,3.900000,2.200000,260,300,360,390,810,1300,2100,2700,3000,3000,3000,170,96,260.0,403.9279176480383,129.0447000064887,3024.896599992644,10550.223529411765
1764261905,10,,Aggregated,3.700000,2.000000,260,300,340,380,790,1300,2100,2700,3000,3000,3000,177,98,260.0,398.8336254250637,128.44349996885285,3024.896599992644,10817.64406779661
1764261906,10,,Aggregated,3.800000,2.100000,260,300,340,380,790,1300,2100,2700,3000,3000,3000,179,98,260.0,397.00184190091704,128.44349996885285,3024.896599992644,10967.581005586591
1764261907,10,,Aggregated,4.100000,2.100000,260,300,340,380,740,990,2100,2700,3000,3000,3000,185,101,260.0,392.391588109407,128.44349996885285,3024.896599992644,11004.908108108108
1764261908,10,,Aggregated,3.900000,2.100000,260,300,340,380,790,1300,2300,2700,3000,3000,3000,190,102,260.0,397.73590631666593,128.44349996885285,3024.896599992644,11225.557894736841
1764261909,10,,Aggregated,4.300000,2.300000,260,290,330,370,740,1300,2300,2700,3000,3000,3000,194,102,260.0,393.6538768049507,128.44349996885285,3024.896599992644,11493.835051546392
1764261910,10,,Aggregated,4.300000,2.300000,260,290,330,370,740,1300,2300,2700,3000,3000,3000,196,103,260.0,391.47250000054817,127.12449999526143,3024.896599992644,11500.209183673469
1764261911,10,,Aggregated,4.200000,2.000000,260,290,330,370,740,990,2100,2600,3000,3000,3000,201,105,260.0,391.51304925442093,127.12449999526143,3024.896599992644,11575.880597014926
1764261912,10,,Aggregated,4.300000,1.800000,260,300,330,370,740,990,2100,2600,3000,3000,3000,205,107,260.0,390.2140960983205,127.12449999526143,3024.896599992644,11586.468292682926
1764261913,10,,Aggregated,4.000000,1.500000,260,300,330,370,740,990,2100,2600,3000,3000,3000,210,109,260.0,386.19500238176744,127.12449999526143,3024.896599992644,11656.842857142858
1764261914,10,,Aggregated,4.300000,1.700000,260,290,330,360,730,990,2100,2600,3000,3000,3000,214,110,260.0,383.1161640192247,127.12449999526143,3024.896599992644,11778.728971962617
1764261915,10,,Aggregated,4.300000,1.400000,260,290,330,360,720,960,2100,2600,3000,3000,3000,221,114,260.0,381.6226085982964,127.12449999526143,3024.896599992644,11734.656108597284
1764261916,10,,Aggregated,4.300000,1.500000,260,290,330,360,720,960,2100,2600,3000,3000,3000,223,115,260.0,380.2407986555988,127.12449999526143,3024.896599992644,11738.09865470852
1764261917,10,,Aggregated,4.100000,1.500000,260,290,330,360,730,960,2100,2600,3000,3000,3000,227,116,260.0,380.9239422914773,127.12449999526143,3024.896599992644,11851.572687224669
